id,view_date,views
0,2019-04-17,5831
1,2019-04-18,6104
2,2019-04-19,4058
3,2019-04-20,1643
4,2019-04-21,2303
5,2019-04-22,6888
6,2019-04-23,157
7,2019-04-24,1326
8,2019-04-25,147
9,2019-04-26,9331
10,2019-04-27,6470
11,2019-04-28,1775
12,2019-04-29,4972
13,2019-04-30,8443
14,2019-05-01,5791
15,2019-05-02,4218
16,2019-05-03,7178
17,2019-05-04,2668
18,2019-05-05,1506
19,2019-05-06,8392
20,2019-05-07,7921
21,2019-05-08,7233
22,2019-05-09,6544
23,2019-05-10,3374
24,2019-05-11,8785
25,2019-05-12,9387
26,2019-05-13,1005
27,2019-05-14,7967
28,2019-05-15,4832
29,2019-05-16,8420
30,2019-05-17,4256
31,2019-05-18,2727
32,2019-05-19,9286
33,2019-05-20,1237
34,2019-05-21,5102
35,2019-05-22,4823
36,2019-05-23,4818
37,2019-05-24,8426
38,2019-05-25,3357
39,2019-05-26,8123
40,2019-05-27,6153
41,2019-05-28,4438
42,2019-05-29,925
43,2019-05-30,9904
44,2019-05-31,6280
45,2019-06-01,183
46,2019-06-02,6368
47,2019-06-03,5774
48,2019-06-04,7316
49,2019-06-05,2798
50,2019-06-06,7615
51,2019-06-07,6332
52,2019-06-08,8895
53,2019-06-09,2808
54,2019-06-10,3868
55,2019-06-11,7255
56,2019-06-12,9637
57,2019-06-13,3623
58,2019-06-14,4940
59,2019-06-15,4585
60,2019-06-16,8872
61,2019-06-17,2527
62,2019-06-18,3099
63,2019-06-19,2361
64,2019-06-20,6208
65,2019-06-21,7851
66,2019-06-22,5598
67,2019-06-23,3381
68,2019-06-24,4932
69,2019-06-25,7405
70,2019-06-26,4557
71,2019-06-27,5525
72,2019-06-28,4006
73,2019-06-29,2893
74,2019-06-30,7456
75,2019-07-01,8414
76,2019-07-02,2853
77,2019-07-03,9814
78,2019-07-04,2820
79,2019-07-05,7259
80,2019-07-06,8000
81,2019-07-07,9869
82,2019-07-08,2286
83,2019-07-09,168
84,2019-07-10,6399
85,2019-07-11,6131
86,2019-07-12,8674
87,2019-07-13,9180
88,2019-07-14,7236
89,2019-07-15,6483
90,2019-07-16,9142
91,2019-07-17,7319
92,2019-07-18,3318
93,2019-07-19,2562
94,2019-07-20,4423
95,2019-07-21,7902
96,2019-07-22,8200
97,2019-07-23,5726
98,2019-07-24,6383
99,2019-07-25,5057
100,2019-07-26,5329
101,2019-07-27,7508
102,2019-07-28,4870
103,2019-07-29,4487
104,2019-07-30,5060
105,2019-07-31,1226
106,2019-08-01,8444
107,2019-08-02,6952
108,2019-08-03,152
109,2019-08-04,4419
110,2019-08-05,3913
111,2019-08-06,9119
112,2019-08-07,1787
113,2019-08-08,3605
114,2019-08-09,8107
115,2019-08-10,6597
116,2019-08-11,4571
117,2019-08-12,4938
118,2019-08-13,932
119,2019-08-14,8636
120,2019-08-15,2666
121,2019-08-16,9169
122,2019-08-17,6422
123,2019-08-18,8520
124,2019-08-19,8603
125,2019-08-20,5141
126,2019-08-21,8302
127,2019-08-22,7683
128,2019-08-23,4505
129,2019-08-24,2093
130,2019-08-25,1999
131,2019-08-26,8539
132,2019-08-27,6572
133,2019-08-28,5166
134,2019-08-29,6718
135,2019-08-30,3792
136,2019-08-31,5556
137,2019-09-01,2687
138,2019-09-02,4871
139,2019-09-03,460
140,2019-09-04,3372
141,2019-09-05,4403
142,2019-09-06,1181
143,2019-09-07,2735
144,2019-09-08,4000
145,2019-09-09,5044
146,2019-09-10,5553
147,2019-09-11,379
148,2019-09-12,7261
149,2019-09-13,5553
150,2019-09-14,4488
151,2019-09-15,7675
152,2019-09-16,2623
153,2019-09-17,2062
154,2019-09-18,4513
155,2019-09-19,6006
156,2019-09-20,7705
157,2019-09-21,5152
158,2019-09-22,5059
159,2019-09-23,3136
160,2019-09-24,8227
161,2019-09-25,5780
162,2019-09-26,8635
163,2019-09-27,1917
164,2019-09-28,5140
165,2019-09-29,173
166,2019-09-30,7365
167,2019-10-01,6367
168,2019-10-02,3821
169,2019-10-03,8276
170,2019-10-04,9016
171,2019-10-05,2683
172,2019-10-06,3975
173,2019-10-07,3101
174,2019-10-08,7886
175,2019-10-09,304
176,2019-10-10,6444
177,2019-10-11,5528
178,2019-10-12,4643
179,2019-10-13,8520
180,2019-10-14,4491
181,2019-10-15,857
182,2019-10-16,3642
183,2019-10-17,2894
184,2019-10-18,7252
185,2019-10-19,9789
186,2019-10-20,4188
187,2019-10-21,4898
188,2019-10-22,4090
189,2019-10-23,2393
190,2019-10-24,3180
191,2019-10-25,7080
192,2019-10-26,4784
193,2019-10-27,3246
194,2019-10-28,7253
195,2019-10-29,9886
196,2019-10-30,5019
197,2019-10-31,2634
198,2019-11-01,4403
199,2019-11-02,4984
200,2019-11-03,3803
201,2019-11-04,6124
202,2019-11-05,6438
203,2019-11-06,2202
204,2019-11-07,5344
205,2019-11-08,9938
206,2019-11-09,3494
207,2019-11-10,5153
208,2019-11-11,7307
209,2019-11-12,9309
210,2019-11-13,2414
211,2019-11-14,541
212,2019-11-15,5897
213,2019-11-16,8479
214,2019-11-17,1088
215,2019-11-18,199
216,2019-11-19,2728
217,2019-11-20,6704
218,2019-11-21,8219
219,2019-11-22,2715
220,2019-11-23,3855
221,2019-11-24,594
222,2019-11-25,7521
223,2019-11-26,1137
224,2019-11-27,6744
225,2019-11-28,1001
226,2019-11-29,8512
227,2019-11-30,3712
228,2019-12-01,7163
229,2019-12-02,6314
230,2019-12-03,7268
231,2019-12-04,8690
232,2019-12-05,1628
233,2019-12-06,6487
234,2019-12-07,5561
235,2019-12-08,885
236,2019-12-09,4755
237,2019-12-10,4078
238,2019-12-11,2024
239,2019-12-12,6103
240,2019-12-13,4247
241,2019-12-14,1521
242,2019-12-15,5489
243,2019-12-16,4641
244,2019-12-17,9125
245,2019-12-18,1033
246,2019-12-19,7361
247,2019-12-20,5166
248,2019-12-21,6417
249,2019-12-22,2110
250,2019-12-23,9691
251,2019-12-24,467
252,2019-12-25,5603
253,2019-12-26,4692
254,2019-12-27,283
255,2019-12-28,8673
256,2019-12-29,6334
257,2019-12-30,5418
258,2019-12-31,5181
259,2020-01-01,7774
260,2020-01-02,6509
261,2020-01-03,8947
262,2020-01-04,5346
263,2020-01-05,5099
264,2020-01-06,4847
265,2020-01-07,1301
266,2020-01-08,2490
267,2020-01-09,4051
268,2020-01-10,3870
269,2020-01-11,6400
270,2020-01-12,2139
271,2020-01-13,4055
272,2020-01-14,9224
273,2020-01-15,7197
274,2020-01-16,5753
275,2020-01-17,753
276,2020-01-18,9000
277,2020-01-19,7946
278,2020-01-20,2120
279,2020-01-21,4089
280,2020-01-22,593
281,2020-01-23,4089
282,2020-01-24,3495
283,2020-01-25,2955
284,2020-01-26,9247
285,2020-01-27,7025
286,2020-01-28,2876
287,2020-01-29,9179
288,2020-01-30,8719
289,2020-01-31,3457
290,2020-02-01,1028
291,2020-02-02,4462
292,2020-02-03,4095
293,2020-02-04,427
294,2020-02-05,3975
295,2020-02-06,9395
296,2020-02-07,3589
297,2020-02-08,3588
298,2020-02-09,1326
299,2020-02-10,1617
300,2020-02-11,8716
301,2020-02-12,9469
302,2020-02-13,6191
303,2020-02-14,8194
304,2020-02-15,3010
305,2020-02-16,9652
306,2020-02-17,6358
307,2020-02-18,8631
308,2020-02-19,2260
309,2020-02-20,6626
310,2020-02-21,6165
311,2020-02-22,2326
312,2020-02-23,1370
313,2020-02-24,9800
314,2020-02-25,9579
315,2020-02-26,9744
316,2020-02-27,1317
317,2020-02-28,2701
318,2020-02-29,3186
319,2020-03-01,3125
320,2020-03-02,9642
321,2020-03-03,6617
322,2020-03-04,5799
323,2020-03-05,3384
324,2020-03-06,9107
325,2020-03-07,1164
326,2020-03-08,8838
327,2020-03-09,7182
328,2020-03-10,7397
329,2020-03-11,153
330,2020-03-12,5256
331,2020-03-13,9889
332,2020-03-14,5602
333,2020-03-15,7248
334,2020-03-16,9151
335,2020-03-17,5296
336,2020-03-18,5191
337,2020-03-19,8515
338,2020-03-20,7244
339,2020-03-21,9060
340,2020-03-22,5414
341,2020-03-23,9566
342,2020-03-24,6484
343,2020-03-25,7286
344,2020-03-26,9631
345,2020-03-27,5238
346,2020-03-28,3742
347,2020-03-29,7685
348,2020-03-30,4250
349,2020-03-31,7427
350,2020-04-01,5767
351,2020-04-02,4747
352,2020-04-03,1468
353,2020-04-04,7175
354,2020-04-05,2267
355,2020-04-06,6250
356,2020-04-07,9426
357,2020-04-08,8668
358,2020-04-09,8707
359,2020-04-10,3889
360,2020-04-11,5155
361,2020-04-12,7751
362,2020-04-13,2924
363,2020-04-14,6285
364,2020-04-15,4330
365,2020-04-16,3771
366,2020-04-17,8631
367,2020-04-18,4613
368,2020-04-19,5239
369,2020-04-20,1466
370,2020-04-21,338
371,2020-04-22,7770
372,2020-04-23,4324
373,2020-04-24,3947
374,2020-04-25,7861
375,2020-04-26,111
376,2020-04-27,4733
377,2020-04-28,6165
378,2020-04-29,6588
379,2020-04-30,5399
380,2020-05-01,8845
381,2020-05-02,4162
382,2020-05-03,394
383,2020-05-04,8821
384,2020-05-05,9193
385,2020-05-06,5951
386,2020-05-07,5049
387,2020-05-08,7796
388,2020-05-09,3984
389,2020-05-10,671
390,2020-05-11,5715
391,2020-05-12,2904
392,2020-05-13,2448
393,2020-05-14,7235
394,2020-05-15,4252
395,2020-05-16,9736
396,2020-05-17,126
397,2020-05-18,4014
398,2020-05-19,2008
399,2020-05-20,3563
400,2020-05-21,3999
401,2020-05-22,5838
402,2020-05-23,7773
403,2020-05-24,787
404,2020-05-25,9011
405,2020-05-26,2391
406,2020-05-27,7438
407,2020-05-28,9197
408,2020-05-29,1682
409,2020-05-30,902
410,2020-05-31,1161
411,2020-06-01,6125
412,2020-06-02,1683
413,2020-06-03,4777
414,2020-06-04,5370
415,2020-06-05,8454
416,2020-06-06,6347
417,2020-06-07,1043
418,2020-06-08,7699
419,2020-06-09,3463
420,2020-06-10,3251
421,2020-06-11,7763
422,2020-06-12,3578
423,2020-06-13,1595
424,2020-06-14,7831
425,2020-06-15,6793
426,2020-06-16,4614
427,2020-06-17,3752
428,2020-06-18,5317
429,2020-06-19,9918
430,2020-06-20,9284
431,2020-06-21,3702
432,2020-06-22,9020
433,2020-06-23,5221
434,2020-06-24,8096
435,2020-06-25,9901
436,2020-06-26,5454
437,2020-06-27,4468
438,2020-06-28,7918
439,2020-06-29,7960
440,2020-06-30,8119
441,2020-07-01,1118
442,2020-07-02,7480
443,2020-07-03,8502
444,2020-07-04,2914
445,2020-07-05,3268
446,2020-07-06,8421
447,2020-07-07,6811
448,2020-07-08,2956
449,2020-07-09,3034
450,2020-07-10,6517
451,2020-07-11,4826
452,2020-07-12,6021
453,2020-07-13,4569
454,2020-07-14,777
455,2020-07-15,4549
456,2020-07-16,5318
457,2020-07-17,4950
458,2020-07-18,2732
459,2020-07-19,2415
460,2020-07-20,3713
461,2020-07-21,3770
462,2020-07-22,167
463,2020-07-23,7210
464,2020-07-24,9031
465,2020-07-25,1228
466,2020-07-26,2543
467,2020-07-27,4782
468,2020-07-28,8986
469,2020-07-29,7866
470,2020-07-30,4744
471,2020-07-31,1120
472,2020-08-01,4296
473,2020-08-02,4641
474,2020-08-03,9209
475,2020-08-04,6585
476,2020-08-05,1500
477,2020-08-06,974
478,2020-08-07,6509
479,2020-08-08,1114
480,2020-08-09,8089
481,2020-08-10,3333
482,2020-08-11,7294
483,2020-08-12,6249
484,2020-08-13,2386
485,2020-08-14,7564
486,2020-08-15,2382
487,2020-08-16,6164
488,2020-08-17,8783
489,2020-08-18,5446
490,2020-08-19,2096
491,2020-08-20,6070
492,2020-08-21,8900
493,2020-08-22,6159
494,2020-08-23,7570
495,2020-08-24,818
496,2020-08-25,6611
497,2020-08-26,794
498,2020-08-27,2264
499,2020-08-28,9624
500,2020-08-29,3130
501,2020-08-30,329
502,2020-08-31,5471
503,2020-09-01,306
504,2020-09-02,9206
505,2020-09-03,2988
506,2020-09-04,743
507,2020-09-05,9152
508,2020-09-06,4128
509,2020-09-07,4501
510,2020-09-08,4407
511,2020-09-09,1324
512,2020-09-10,2530
513,2020-09-11,317
514,2020-09-12,7845
515,2020-09-13,1168
516,2020-09-14,6886
517,2020-09-15,5919
518,2020-09-16,3886
519,2020-09-17,9092
520,2020-09-18,493
521,2020-09-19,7675
522,2020-09-20,7274
523,2020-09-21,8728
524,2020-09-22,3215
525,2020-09-23,8688
526,2020-09-24,200
527,2020-09-25,7544
528,2020-09-26,2049
529,2020-09-27,2489
530,2020-09-28,7778
531,2020-09-29,7678
532,2020-09-30,3185
533,2020-10-01,4622
534,2020-10-02,5122
535,2020-10-03,8663
536,2020-10-04,6080
537,2020-10-05,3652
538,2020-10-06,8539
539,2020-10-07,4993
540,2020-10-08,6732
541,2020-10-09,1894
542,2020-10-10,595
543,2020-10-11,1546
544,2020-10-12,5212
545,2020-10-13,6091
546,2020-10-14,3085
547,2020-10-15,5153
548,2020-10-16,4589
549,2020-10-17,8161
550,2020-10-18,9306
551,2020-10-19,6638
552,2020-10-20,8573
553,2020-10-21,7609
554,2020-10-22,9584
555,2020-10-23,3101
556,2020-10-24,6907
557,2020-10-25,3768
558,2020-10-26,8979
559,2020-10-27,6898
560,2020-10-28,7954
561,2020-10-29,9351
562,2020-10-30,8674
563,2020-10-31,1232
564,2020-11-01,5654
565,2020-11-02,2589
566,2020-11-03,5128
567,2020-11-04,640
568,2020-11-05,3017
569,2020-11-06,2707
570,2020-11-07,7657
571,2020-11-08,8455
572,2020-11-09,356
573,2020-11-10,9810
574,2020-11-11,3133
575,2020-11-12,1397
576,2020-11-13,8700
577,2020-11-14,1389
578,2020-11-15,5415
579,2020-11-16,6272
580,2020-11-17,3837
581,2020-11-18,5771
582,2020-11-19,1422
583,2020-11-20,9413
584,2020-11-21,4732
585,2020-11-22,1542
586,2020-11-23,5690
587,2020-11-24,9717
588,2020-11-25,9199
589,2020-11-26,723
590,2020-11-27,6955
591,2020-11-28,3728
592,2020-11-29,5763
593,2020-11-30,9319
594,2020-12-01,7733
595,2020-12-02,8715
596,2020-12-03,7840
597,2020-12-04,6266
598,2020-12-05,7060
599,2020-12-06,4812
600,2020-12-07,3744
601,2020-12-08,3790
602,2020-12-09,6981
603,2020-12-10,2659
604,2020-12-11,5729
605,2020-12-12,2103
606,2020-12-13,6896
607,2020-12-14,9789
608,2020-12-15,9956
609,2020-12-16,183
610,2020-12-17,7739
611,2020-12-18,2744
612,2020-12-19,7851
613,2020-12-20,8669
614,2020-12-21,4471
615,2020-12-22,5102
616,2020-12-23,3784
617,2020-12-24,5045
618,2020-12-25,9682
619,2020-12-26,2756
620,2020-12-27,5094
621,2020-12-28,9942
622,2020-12-29,1941
623,2020-12-30,3216
624,2020-12-31,4376
625,2021-01-01,4266
626,2021-01-02,4530
627,2021-01-03,3190
628,2021-01-04,7266
629,2021-01-05,5713
630,2021-01-06,4126
631,2021-01-07,8117
632,2021-01-08,5021
633,2021-01-09,5735
634,2021-01-10,2336
635,2021-01-11,2519
636,2021-01-12,5250
637,2021-01-13,2022
638,2021-01-14,2322
639,2021-01-15,746
640,2021-01-16,4710
641,2021-01-17,4543
642,2021-01-18,1994
643,2021-01-19,8232
644,2021-01-20,5835
645,2021-01-21,9071
646,2021-01-22,6752
647,2021-01-23,9352
648,2021-01-24,2440
649,2021-01-25,5512
650,2021-01-26,8099
651,2021-01-27,6630
652,2021-01-28,7946
653,2021-01-29,5084
654,2021-01-30,7463
655,2021-01-31,9295
656,2021-02-01,3564
657,2021-02-02,4189
658,2021-02-03,2437
659,2021-02-04,4304
660,2021-02-05,9958
661,2021-02-06,2289
662,2021-02-07,683
663,2021-02-08,6414
664,2021-02-09,8772
665,2021-02-10,3740
666,2021-02-11,3131
667,2021-02-12,5089
668,2021-02-13,7464
669,2021-02-14,2148
670,2021-02-15,6589
671,2021-02-16,3276
672,2021-02-17,3834
673,2021-02-18,4978
674,2021-02-19,2157
675,2021-02-20,1205
676,2021-02-21,4449
677,2021-02-22,953
678,2021-02-23,9589
679,2021-02-24,9277
680,2021-02-25,4101
681,2021-02-26,6086
682,2021-02-27,1087
683,2021-02-28,363
684,2021-03-01,681
685,2021-03-02,3712
686,2021-03-03,2707
687,2021-03-04,9114
688,2021-03-05,2527
689,2021-03-06,853
690,2021-03-07,9237
691,2021-03-08,518
692,2021-03-09,9951
693,2021-03-10,9140
694,2021-03-11,3907
695,2021-03-12,2032
696,2021-03-13,4525
697,2021-03-14,1226
698,2021-03-15,2190
699,2021-03-16,3088
700,2021-03-17,5400
701,2021-03-18,3893
702,2021-03-19,688
703,2021-03-20,6923
704,2021-03-21,8402
705,2021-03-22,8795
706,2021-03-23,887
707,2021-03-24,4579
708,2021-03-25,9951
709,2021-03-26,8288
710,2021-03-27,3331
711,2021-03-28,2940
712,2021-03-29,9072
713,2021-03-30,1571
714,2021-03-31,1586
715,2021-04-01,3959
716,2021-04-02,1942
717,2021-04-03,689
718,2021-04-04,6013
719,2021-04-05,4604
720,2021-04-06,3097
721,2021-04-07,6494
722,2021-04-08,2332
723,2021-04-09,402
724,2021-04-10,7015
725,2021-04-11,4327
726,2021-04-12,6532
727,2021-04-13,8147
728,2021-04-14,2237
729,2021-04-15,4276
730,2021-04-16,478
731,2021-04-17,2686
732,2021-04-18,7436
733,2021-04-19,6273
734,2021-04-20,7535
735,2021-04-21,6977
736,2021-04-22,3281
737,2021-04-23,1154
738,2021-04-24,2975
739,2021-04-25,9601
740,2021-04-26,7094
741,2021-04-27,2957
742,2021-04-28,6744
743,2021-04-29,9666
744,2021-04-30,6037
745,2021-05-01,5799
746,2021-05-02,3767
747,2021-05-03,6302
748,2021-05-04,305
749,2021-05-05,5118
750,2021-05-06,4309
751,2021-05-07,8849
752,2021-05-08,1225
753,2021-05-09,8381
754,2021-05-10,258
755,2021-05-11,1059
756,2021-05-12,7146
757,2021-05-13,7645
758,2021-05-14,6695
759,2021-05-15,5698
760,2021-05-16,5671
761,2021-05-17,4242
762,2021-05-18,7637
763,2021-05-19,8958
764,2021-05-20,3220
765,2021-05-21,7588
766,2021-05-22,5857
767,2021-05-23,7751
768,2021-05-24,5398
769,2021-05-25,1507
770,2021-05-26,6077
771,2021-05-27,4766
772,2021-05-28,9100
773,2021-05-29,7294
774,2021-05-30,9417
775,2021-05-31,5404
776,2021-06-01,5290
777,2021-06-02,4764
778,2021-06-03,2610
779,2021-06-04,764
780,2021-06-05,1125
781,2021-06-06,2583
782,2021-06-07,5315
783,2021-06-08,260
784,2021-06-09,3985
785,2021-06-10,7491
786,2021-06-11,3676
787,2021-06-12,1877
788,2021-06-13,9880
789,2021-06-14,7625
790,2021-06-15,4071
791,2021-06-16,636
792,2021-06-17,9754
793,2021-06-18,7558
794,2021-06-19,839
795,2021-06-20,2418
796,2021-06-21,910
797,2021-06-22,2704
798,2021-06-23,2980
799,2021-06-24,1943
800,2021-06-25,2494
801,2021-06-26,5606
802,2021-06-27,8370
803,2021-06-28,2930
804,2021-06-29,6514
805,2021-06-30,8061
806,2021-07-01,4939
807,2021-07-02,5551
808,2021-07-03,4980
809,2021-07-04,7864
810,2021-07-05,618
811,2021-07-06,3099
812,2021-07-07,1804
813,2021-07-08,916
814,2021-07-09,3939
815,2021-07-10,7359
816,2021-07-11,8806
817,2021-07-12,3984
818,2021-07-13,8085
819,2021-07-14,1202
820,2021-07-15,717
821,2021-07-16,1896
822,2021-07-17,4822
823,2021-07-18,1393
824,2021-07-19,1296
825,2021-07-20,7930
826,2021-07-21,4388
827,2021-07-22,2976
828,2021-07-23,9688
829,2021-07-24,2193
830,2021-07-25,9733
831,2021-07-26,3898
832,2021-07-27,769
833,2021-07-28,7770
834,2021-07-29,4094
835,2021-07-30,3807
836,2021-07-31,7849
837,2021-08-01,2253
838,2021-08-02,6780
839,2021-08-03,7723
840,2021-08-04,1580
841,2021-08-05,162
842,2021-08-06,7840
843,2021-08-07,4626
844,2021-08-08,7501
845,2021-08-09,5745
846,2021-08-10,6801
847,2021-08-11,2190
848,2021-08-12,8184
849,2021-08-13,9897
850,2021-08-14,5401
851,2021-08-15,8449
852,2021-08-16,6557
853,2021-08-17,1872
854,2021-08-18,5695
855,2021-08-19,6541
856,2021-08-20,3566
857,2021-08-21,790
858,2021-08-22,5299
859,2021-08-23,677
860,2021-08-24,2197
861,2021-08-25,2477
862,2021-08-26,705
863,2021-08-27,504
864,2021-08-28,2707
865,2021-08-29,5659
866,2021-08-30,9968
867,2021-08-31,805
868,2021-09-01,2809
869,2021-09-02,5303
870,2021-09-03,8462
871,2021-09-04,4896
872,2021-09-05,3169
873,2021-09-06,3876
874,2021-09-07,4677
875,2021-09-08,2824
876,2021-09-09,5641
877,2021-09-10,9087
878,2021-09-11,426
879,2021-09-12,2827
880,2021-09-13,5964
881,2021-09-14,1215
882,2021-09-15,4219
883,2021-09-16,9673
884,2021-09-17,1086
885,2021-09-18,4122
886,2021-09-19,6082
887,2021-09-20,3468
888,2021-09-21,7645
889,2021-09-22,7174
890,2021-09-23,4434
891,2021-09-24,441
892,2021-09-25,1840
893,2021-09-26,7463
894,2021-09-27,2877
895,2021-09-28,9585
896,2021-09-29,207
897,2021-09-30,1949
898,2021-10-01,3861
899,2021-10-02,4455
900,2021-10-03,5394
901,2021-10-04,2293
902,2021-10-05,6863
903,2021-10-06,1855
904,2021-10-07,7520
905,2021-10-08,2946
906,2021-10-09,7193
907,2021-10-10,8294
908,2021-10-11,9803
909,2021-10-12,7890
910,2021-10-13,1487
911,2021-10-14,4304
912,2021-10-15,5341
913,2021-10-16,8558
914,2021-10-17,6282
915,2021-10-18,7995
916,2021-10-19,6028
917,2021-10-20,9728
918,2021-10-21,6439
919,2021-10-22,5559
920,2021-10-23,4358
921,2021-10-24,3513
922,2021-10-25,1452
923,2021-10-26,9970
924,2021-10-27,5605
925,2021-10-28,4740
926,2021-10-29,7884
927,2021-10-30,6704
928,2021-10-31,7688
929,2021-11-01,1816
930,2021-11-02,8391
931,2021-11-03,813
932,2021-11-04,9021
933,2021-11-05,6000
934,2021-11-06,6216
935,2021-11-07,6210
936,2021-11-08,5465
937,2021-11-09,9237
938,2021-11-10,150
939,2021-11-11,261
940,2021-11-12,8774
941,2021-11-13,9676
942,2021-11-14,5431
943,2021-11-15,5154
944,2021-11-16,4454
945,2021-11-17,1013
946,2021-11-18,359
947,2021-11-19,8512
948,2021-11-20,3406
949,2021-11-21,100
950,2021-11-22,4966
951,2021-11-23,2912
952,2021-11-24,1223
953,2021-11-25,1223
954,2021-11-26,3935
955,2021-11-27,848
956,2021-11-28,1133
957,2021-11-29,2372
958,2021-11-30,4750
959,2021-12-01,3968
960,2021-12-02,1067
961,2021-12-03,9296
962,2021-12-04,7618
963,2021-12-05,8135
964,2021-12-06,6690
965,2021-12-07,5093
966,2021-12-08,4077
967,2021-12-09,6508
968,2021-12-10,7143
969,2021-12-11,6989
970,2021-12-12,3037
971,2021-12-13,179
972,2021-12-14,4758
973,2021-12-15,3654
974,2021-12-16,1838
975,2021-12-17,3794
976,2021-12-18,4409
977,2021-12-19,7854
978,2021-12-20,3199
979,2021-12-21,7982
980,2021-12-22,2789
981,2021-12-23,1271
982,2021-12-24,5515
983,2021-12-25,9011
984,2021-12-26,697
985,2021-12-27,3532
986,2021-12-28,4617
987,2021-12-29,2136
988,2021-12-30,4908
989,2021-12-31,8552
990,2022-01-01,5535
991,2022-01-02,6835
992,2022-01-03,2863
993,2022-01-04,3681
994,2022-01-05,6844
995,2022-01-06,4275
996,2022-01-07,6777
997,2022-01-08,4755
998,2022-01-09,1766
999,2022-01-10,8072
1000,2022-01-11,5596
1001,2022-01-12,6591
1002,2022-01-13,3313
1003,2022-01-14,1280
1004,2022-01-15,5442
1005,2022-01-16,7512
1006,2022-01-17,8069
1007,2022-01-18,1196
1008,2022-01-19,2926
1009,2022-01-20,4102
1010,2022-01-21,1894
1011,2022-01-22,9641
1012,2022-01-23,456
1013,2022-01-24,4218
1014,2022-01-25,8057
1015,2022-01-26,243
1016,2022-01-27,5527
1017,2022-01-28,5859
1018,2022-01-29,1918
1019,2022-01-30,7302
1020,2022-01-31,3462
1021,2022-02-01,771
1022,2022-02-02,8872
1023,2022-02-03,4244
1024,2022-02-04,5920
1025,2022-02-05,3290
1026,2022-02-06,8140
1027,2022-02-07,2887
1028,2022-02-08,8970
1029,2022-02-09,1716
1030,2022-02-10,6510
1031,2022-02-11,9445
1032,2022-02-12,3822
1033,2022-02-13,4569
1034,2022-02-14,6938
1035,2022-02-15,8577
1036,2022-02-16,4240
1037,2022-02-17,1596
1038,2022-02-18,3367
1039,2022-02-19,7030
1040,2022-02-20,7807
1041,2022-02-21,615
1042,2022-02-22,4250
1043,2022-02-23,781
1044,2022-02-24,4222
1045,2022-02-25,5215
1046,2022-02-26,7220
1047,2022-02-27,2621
1048,2022-02-28,3687
1049,2022-03-01,6441
1050,2022-03-02,3615
1051,2022-03-03,4573
1052,2022-03-04,294
1053,2022-03-05,1921
1054,2022-03-06,8321
1055,2022-03-07,8246
1056,2022-03-08,3008
1057,2022-03-09,4437
1058,2022-03-10,3961
1059,2022-03-11,3296
1060,2022-03-12,3634
1061,2022-03-13,6823
1062,2022-03-14,1927
1063,2022-03-15,1794
1064,2022-03-16,7013
1065,2022-03-17,3791
1066,2022-03-18,3246
1067,2022-03-19,9969
1068,2022-03-20,5818
1069,2022-03-21,9179
1070,2022-03-22,8461
1071,2022-03-23,7267
1072,2022-03-24,6633
1073,2022-03-25,279
1074,2022-03-26,6688
1075,2022-03-27,5245
1076,2022-03-28,5429
1077,2022-03-29,4514
1078,2022-03-30,4807
1079,2022-03-31,1086
1080,2022-04-01,792
1081,2022-04-02,537
1082,2022-04-03,2117
1083,2022-04-04,6548
1084,2022-04-05,3154
1085,2022-04-06,9071
1086,2022-04-07,9078
1087,2022-04-08,6554
1088,2022-04-09,8070
1089,2022-04-10,589
1090,2022-04-11,4040
1091,2022-04-12,2586
1092,2022-04-13,7410
1093,2022-04-14,2724
1094,2022-04-15,7740
1095,2022-04-16,4321
1096,2022-04-17,5719
1097,2022-04-18,4189
1098,2022-04-19,7097
1099,2022-04-20,8755
1100,2022-04-21,826
1101,2022-04-22,9053
1102,2022-04-23,5315
1103,2022-04-24,6290
1104,2022-04-25,3783
1105,2022-04-26,8826
1106,2022-04-27,2580
1107,2022-04-28,2338
1108,2022-04-29,774
1109,2022-04-30,7396
1110,2022-05-01,6186
1111,2022-05-02,7401
1112,2022-05-03,7890
1113,2022-05-04,1601
1114,2022-05-05,4652
1115,2022-05-06,928
1116,2022-05-07,9352
1117,2022-05-08,5990
1118,2022-05-09,8518
1119,2022-05-10,2816
1120,2022-05-11,4074
1121,2022-05-12,9105
1122,2022-05-13,5902
1123,2022-05-14,5789
1124,2022-05-15,2890
1125,2022-05-16,9013
1126,2022-05-17,3668
1127,2022-05-18,3809
1128,2022-05-19,7899
1129,2022-05-20,9270
1130,2022-05-21,9679
1131,2022-05-22,9674
1132,2022-05-23,7218
1133,2022-05-24,1043
1134,2022-05-25,5238
1135,2022-05-26,2593
1136,2022-05-27,1595
1137,2022-05-28,3180
1138,2022-05-29,9357
1139,2022-05-30,4118
1140,2022-05-31,8348
1141,2022-06-01,7008
1142,2022-06-02,5086
1143,2022-06-03,5940
1144,2022-06-04,7956
1145,2022-06-05,2470
1146,2022-06-06,6824
1147,2022-06-07,9051
1148,2022-06-08,4506
1149,2022-06-09,3643
1150,2022-06-10,2523
1151,2022-06-11,3061
1152,2022-06-12,4000
1153,2022-06-13,6557
1154,2022-06-14,7982
1155,2022-06-15,3462
1156,2022-06-16,9913
1157,2022-06-17,416
1158,2022-06-18,5750
1159,2022-06-19,7294
1160,2022-06-20,6228
1161,2022-06-21,1059
1162,2022-06-22,8619
1163,2022-06-23,5787
1164,2022-06-24,485
1165,2022-06-25,6469
1166,2022-06-26,2471
1167,2022-06-27,7307
1168,2022-06-28,4811
1169,2022-06-29,5720
1170,2022-06-30,2479
1171,2022-07-01,8532
1172,2022-07-02,6653
1173,2022-07-03,7246
1174,2022-07-04,3949
1175,2022-07-05,8471
1176,2022-07-06,9492
1177,2022-07-07,5141
1178,2022-07-08,724
1179,2022-07-09,1513
1180,2022-07-10,8276
1181,2022-07-11,1706
1182,2022-07-12,8997
1183,2022-07-13,1147
1184,2022-07-14,5870
1185,2022-07-15,6270
1186,2022-07-16,3603
1187,2022-07-17,8557
1188,2022-07-18,6225
1189,2022-07-19,2347
1190,2022-07-20,3282
1191,2022-07-21,4408
1192,2022-07-22,2920
1193,2022-07-23,3088
1194,2022-07-24,5473
1195,2022-07-25,693
1196,2022-07-26,8067
1197,2022-07-27,1478
1198,2022-07-28,2883
1199,2022-07-29,1479
1200,2022-07-30,8063
1201,2022-07-31,9072
1202,2022-08-01,6925
1203,2022-08-02,6379
1204,2022-08-03,7493
1205,2022-08-04,7835
1206,2022-08-05,3601
1207,2022-08-06,7232
1208,2022-08-07,1439
1209,2022-08-08,2338
1210,2022-08-09,4524
1211,2022-08-10,1037
1212,2022-08-11,9450
1213,2022-08-12,7420
1214,2022-08-13,9742
1215,2022-08-14,3582
1216,2022-08-15,188
1217,2022-08-16,5687
1218,2022-08-17,593
1219,2022-08-18,962
1220,2022-08-19,3916
1221,2022-08-20,1988
1222,2022-08-21,6053
1223,2022-08-22,3678
1224,2022-08-23,5755
1225,2022-08-24,5886
1226,2022-08-25,3134
1227,2022-08-26,9890
1228,2022-08-27,3712
1229,2022-08-28,9707
1230,2022-08-29,5225
1231,2022-08-30,5234
1232,2022-08-31,9110
1233,2022-09-01,883
1234,2022-09-02,6699
1235,2022-09-03,7181
1236,2022-09-04,9051
1237,2022-09-05,7001
1238,2022-09-06,2142
1239,2022-09-07,9027
1240,2022-09-08,3308
1241,2022-09-09,3990
1242,2022-09-10,1599
1243,2022-09-11,6655
1244,2022-09-12,6938
1245,2022-09-13,3260
1246,2022-09-14,404
1247,2022-09-15,2338
1248,2022-09-16,4786
1249,2022-09-17,158
1250,2022-09-18,2790
1251,2022-09-19,8337
1252,2022-09-20,7552
1253,2022-09-21,7401
1254,2022-09-22,8689
1255,2022-09-23,3897
1256,2022-09-24,2886
1257,2022-09-25,6980
1258,2022-09-26,3873
1259,2022-09-27,2295
1260,2022-09-28,6731
1261,2022-09-29,6663
1262,2022-09-30,7879
1263,2022-10-01,561
1264,2022-10-02,6006
1265,2022-10-03,3284
1266,2022-10-04,1692
1267,2022-10-05,1336
1268,2022-10-06,1848
1269,2022-10-07,7115
1270,2022-10-08,4023
1271,2022-10-09,816
1272,2022-10-10,1830
1273,2022-10-11,1811
1274,2022-10-12,6965
1275,2022-10-13,2848
1276,2022-10-14,7576
1277,2022-10-15,2214
1278,2022-10-16,7384
1279,2022-10-17,2804
1280,2022-10-18,9097
1281,2022-10-19,9018
1282,2022-10-20,5820
1283,2022-10-21,3371
1284,2022-10-22,3790
1285,2022-10-23,8605
1286,2022-10-24,2171
1287,2022-10-25,9194
1288,2022-10-26,5370
1289,2022-10-27,1015
1290,2022-10-28,3486
1291,2022-10-29,2885
1292,2022-10-30,3285
1293,2022-10-31,5362
1294,2022-11-01,258
1295,2022-11-02,9791
1296,2022-11-03,3865
1297,2022-11-04,2773
1298,2022-11-05,9920
1299,2022-11-06,1729
1300,2022-11-07,2986
1301,2022-11-08,5715
1302,2022-11-09,6270
1303,2022-11-10,8732
1304,2022-11-11,6466
1305,2022-11-12,4946
1306,2022-11-13,1296
1307,2022-11-14,4319
1308,2022-11-15,6376
1309,2022-11-16,3038
1310,2022-11-17,7627
1311,2022-11-18,7527
1312,2022-11-19,1447
1313,2022-11-20,6562
1314,2022-11-21,6325
1315,2022-11-22,770
1316,2022-11-23,6270
1317,2022-11-24,2011
1318,2022-11-25,1597
1319,2022-11-26,1896
1320,2022-11-27,9095
1321,2022-11-28,7757
1322,2022-11-29,2354
1323,2022-11-30,7013
1324,2022-12-01,4057
1325,2022-12-02,8951
1326,2022-12-03,7819
1327,2022-12-04,1213
1328,2022-12-05,9912
1329,2022-12-06,884
1330,2022-12-07,7175
1331,2022-12-08,4889
1332,2022-12-09,7019
1333,2022-12-10,4699
1334,2022-12-11,5290
1335,2022-12-12,1527
1336,2022-12-13,1398
1337,2022-12-14,4864
1338,2022-12-15,5042
1339,2022-12-16,947
1340,2022-12-17,8785
1341,2022-12-18,4537
1342,2022-12-19,1662
1343,2022-12-20,5888
1344,2022-12-21,4246
1345,2022-12-22,7928
1346,2022-12-23,7519
1347,2022-12-24,5464
1348,2022-12-25,7296
1349,2022-12-26,8891
1350,2022-12-27,9300
1351,2022-12-28,2310
1352,2022-12-29,3388
1353,2022-12-30,4071
1354,2022-12-31,1084
1355,2023-01-01,6608
1356,2023-01-02,9389
1357,2023-01-03,5623
1358,2023-01-04,8181
1359,2023-01-05,4568
1360,2023-01-06,3238
1361,2023-01-07,7087
1362,2023-01-08,8830
1363,2023-01-09,4040
1364,2023-01-10,9923
1365,2023-01-11,604
1366,2023-01-12,5098
1367,2023-01-13,3742
1368,2023-01-14,7901
1369,2023-01-15,1894
1370,2023-01-16,5872
1371,2023-01-17,5796
1372,2023-01-18,8054
1373,2023-01-19,8211
1374,2023-01-20,5996
1375,2023-01-21,3999
1376,2023-01-22,8632
1377,2023-01-23,3745
1378,2023-01-24,2191
1379,2023-01-25,9749
1380,2023-01-26,2830
1381,2023-01-27,2621
1382,2023-01-28,8890
1383,2023-01-29,2388
1384,2023-01-30,9448
1385,2023-01-31,7343
1386,2023-02-01,3260
1387,2023-02-02,6124
1388,2023-02-03,8843
1389,2023-02-04,2210
1390,2023-02-05,3775
1391,2023-02-06,1084
1392,2023-02-07,731
1393,2023-02-08,447
1394,2023-02-09,2875
1395,2023-02-10,1081
1396,2023-02-11,880
1397,2023-02-12,2868
1398,2023-02-13,9404
1399,2023-02-14,5166
1400,2023-02-15,4282
1401,2023-02-16,8109
1402,2023-02-17,3789
1403,2023-02-18,2310
1404,2023-02-19,2683
1405,2023-02-20,9111
1406,2023-02-21,4568
1407,2023-02-22,2385
1408,2023-02-23,4231
1409,2023-02-24,1531
1410,2023-02-25,5795
1411,2023-02-26,9925
1412,2023-02-27,9488
1413,2023-02-28,4312
1414,2023-03-01,4116
1415,2023-03-02,6744
1416,2023-03-03,8731
1417,2023-03-04,7339
1418,2023-03-05,7406
1419,2023-03-06,9686
1420,2023-03-07,8179
1421,2023-03-08,375
1422,2023-03-09,3564
1423,2023-03-10,3970
1424,2023-03-11,1535
1425,2023-03-12,8886
1426,2023-03-13,992
1427,2023-03-14,1552
1428,2023-03-15,7038
1429,2023-03-16,4701
1430,2023-03-17,6989
1431,2023-03-18,9193
1432,2023-03-19,3892
1433,2023-03-20,2767
1434,2023-03-21,8595
1435,2023-03-22,3160
1436,2023-03-23,1847
1437,2023-03-24,9796
1438,2023-03-25,3929
1439,2023-03-26,4901
1440,2023-03-27,9730
1441,2023-03-28,6913
1442,2023-03-29,7715
1443,2023-03-30,3579
1444,2023-03-31,7590
1445,2023-04-01,1790
1446,2023-04-02,518
1447,2023-04-03,9558
1448,2023-04-04,8275
1449,2023-04-05,9934
1450,2023-04-06,2470
1451,2023-04-07,8221
1452,2023-04-08,7819
1453,2023-04-09,8996
1454,2023-04-10,1371
1455,2023-04-11,4529
1456,2023-04-12,6179
1457,2023-04-13,141
1458,2023-04-14,5993
1459,2023-04-15,5046
1460,2023-04-16,6650
1461,2023-04-17,6286
1462,2023-04-18,7152
1463,2023-04-19,8794
1464,2023-04-20,3129
1465,2023-04-21,2748
1466,2023-04-22,2779
1467,2023-04-23,9833
1468,2023-04-24,8990
1469,2023-04-25,2861
1470,2023-04-26,9566
1471,2023-04-27,2032
1472,2023-04-28,9048
1473,2023-04-29,6864
1474,2023-04-30,1030
1475,2023-05-01,6758
1476,2023-05-02,3804
1477,2023-05-03,7682
1478,2023-05-04,8710
1479,2023-05-05,5270
1480,2023-05-06,9250
1481,2023-05-07,4404
1482,2023-05-08,3709
1483,2023-05-09,3172
1484,2023-05-10,4202
1485,2023-05-11,7488
1486,2023-05-12,1947
1487,2023-05-13,6096
1488,2023-05-14,2367
1489,2023-05-15,3279
1490,2023-05-16,980
1491,2023-05-17,7819
1492,2023-05-18,4740
1493,2023-05-19,425
1494,2023-05-20,6729
1495,2023-05-21,5772
1496,2023-05-22,5150
1497,2023-05-23,3036
1498,2023-05-24,5446
1499,2023-05-25,2426
1500,2023-05-26,8750
1501,2023-05-27,7348
1502,2023-05-28,4355
1503,2023-05-29,294
1504,2023-05-30,822
1505,2023-05-31,9600
1506,2023-06-01,9519
1507,2023-06-02,9507
1508,2023-06-03,3927
1509,2023-06-04,7548
1510,2023-06-05,3646
1511,2023-06-06,4953
1512,2023-06-07,3012
1513,2023-06-08,6033
1514,2023-06-09,9432
1515,2023-06-10,6766
1516,2023-06-11,4503
1517,2023-06-12,2413
1518,2023-06-13,3023
1519,2023-06-14,2399
1520,2023-06-15,4399
1521,2023-06-16,8118
1522,2023-06-17,5935
1523,2023-06-18,1398
1524,2023-06-19,9055
1525,2023-06-20,4274
1526,2023-06-21,8806
1527,2023-06-22,2540
1528,2023-06-23,3149
1529,2023-06-24,3628
1530,2023-06-25,6782
1531,2023-06-26,7871
1532,2023-06-27,1441
1533,2023-06-28,5562
1534,2023-06-29,5467
1535,2023-06-30,7227
1536,2023-07-01,294
1537,2023-07-02,1846
1538,2023-07-03,378
1539,2023-07-04,9279
1540,2023-07-05,6787
1541,2023-07-06,6501
1542,2023-07-07,1265
1543,2023-07-08,8134
1544,2023-07-09,123
1545,2023-07-10,5062
1546,2023-07-11,7714
1547,2023-07-12,2843
1548,2023-07-13,6884
1549,2023-07-14,9035
1550,2023-07-15,2729
1551,2023-07-16,3828
1552,2023-07-17,2155
1553,2023-07-18,8583
1554,2023-07-19,8050
1555,2023-07-20,4440
1556,2023-07-21,9973
1557,2023-07-22,4274
1558,2023-07-23,684
1559,2023-07-24,4625
1560,2023-07-25,1712
1561,2023-07-26,3340
1562,2023-07-27,9658
1563,2023-07-28,3375
1564,2023-07-29,446
1565,2023-07-30,4958
1566,2023-07-31,4461
1567,2023-08-01,3674
1568,2023-08-02,4608
1569,2023-08-03,3272
1570,2023-08-04,9864
1571,2023-08-05,4635
1572,2023-08-06,8299
1573,2023-08-07,5273
1574,2023-08-08,2895
1575,2023-08-09,7698
1576,2023-08-10,9350
1577,2023-08-11,7898
1578,2023-08-12,9330
1579,2023-08-13,1889
1580,2023-08-14,7152
1581,2023-08-15,7689
1582,2023-08-16,6058
1583,2023-08-17,8515
1584,2023-08-18,2925
1585,2023-08-19,6776
1586,2023-08-20,6955
1587,2023-08-21,4455
1588,2023-08-22,9967
1589,2023-08-23,8183
1590,2023-08-24,3817
1591,2023-08-25,5632
1592,2023-08-26,1964
1593,2023-08-27,166
1594,2023-08-28,4809
1595,2023-08-29,2261
1596,2023-08-30,4003
1597,2023-08-31,9230
1598,2023-09-01,3984
1599,2023-09-02,267
1600,2023-09-03,6731
1601,2023-09-04,7310
1602,2023-09-05,176
1603,2023-09-06,2392
1604,2023-09-07,2081
1605,2023-09-08,5982
1606,2023-09-09,6097
1607,2023-09-10,2489
1608,2023-09-11,6880
1609,2023-09-12,6333
1610,2023-09-13,6000
1611,2023-09-14,3178
1612,2023-09-15,5622
1613,2023-09-16,743
1614,2023-09-17,6934
1615,2023-09-18,3377
1616,2023-09-19,5833
1617,2023-09-20,9139
1618,2023-09-21,9888
1619,2023-09-22,6306
1620,2023-09-23,7332
1621,2023-09-24,5950
1622,2023-09-25,8189
1623,2023-09-26,8626
1624,2023-09-27,5180
1625,2023-09-28,340
1626,2023-09-29,1952
1627,2023-09-30,1603
1628,2023-10-01,5856
1629,2023-10-02,1161
1630,2023-10-03,427
1631,2023-10-04,2394
1632,2023-10-05,6426
1633,2023-10-06,8653
1634,2023-10-07,9631
1635,2023-10-08,5210
1636,2023-10-09,1865
1637,2023-10-10,7438
1638,2023-10-11,4824
1639,2023-10-12,7331
1640,2023-10-13,6363
1641,2023-10-14,3657
1642,2023-10-15,4596
1643,2023-10-16,6498
1644,2023-10-17,5661
1645,2023-10-18,3573
1646,2023-10-19,7129
1647,2023-10-20,5166
1648,2023-10-21,3382
1649,2023-10-22,9745
1650,2023-10-23,7601
1651,2023-10-24,5024
1652,2023-10-25,3869
1653,2023-10-26,2694
1654,2023-10-27,1935
1655,2023-10-28,1829
1656,2023-10-29,7568
1657,2023-10-30,4386
1658,2023-10-31,1785
1659,2023-11-01,505
1660,2023-11-02,2115
1661,2023-11-03,9376
1662,2023-11-04,1995
1663,2023-11-05,6174
1664,2023-11-06,5867
1665,2023-11-07,6335
1666,2023-11-08,4287
1667,2023-11-09,8371
1668,2023-11-10,6758
1669,2023-11-11,277
1670,2023-11-12,7329
1671,2023-11-13,9540
1672,2023-11-14,7311
1673,2023-11-15,3084
1674,2023-11-16,9305
1675,2023-11-17,3619
1676,2023-11-18,8920
1677,2023-11-19,8713
1678,2023-11-20,9414
1679,2023-11-21,5665
1680,2023-11-22,7140
1681,2023-11-23,3626
1682,2023-11-24,2049
1683,2023-11-25,7423
1684,2023-11-26,5463
1685,2023-11-27,1776
1686,2023-11-28,657
1687,2023-11-29,5063
1688,2023-11-30,9372
1689,2023-12-01,3826
1690,2023-12-02,9229
1691,2023-12-03,7252
1692,2023-12-04,203
1693,2023-12-05,148
1694,2023-12-06,6482
1695,2023-12-07,9445
1696,2023-12-08,6211
1697,2023-12-09,5528
1698,2023-12-10,4932
1699,2023-12-11,7452
1700,2023-12-12,6354
1701,2023-12-13,7986
1702,2023-12-14,8109
1703,2023-12-15,4468
1704,2023-12-16,2022
1705,2023-12-17,5277
1706,2023-12-18,4596
1707,2023-12-19,4904
1708,2023-12-20,982
1709,2023-12-21,6422
1710,2023-12-22,919
1711,2023-12-23,5639
1712,2023-12-24,6848
1713,2023-12-25,8965
1714,2023-12-26,1761
1715,2023-12-27,2484
1716,2023-12-28,2403
1717,2023-12-29,8371
1718,2023-12-30,7098
1719,2023-12-31,3515
1720,2024-01-01,2338
1721,2024-01-02,4969
1722,2024-01-03,7828
1723,2024-01-04,9622
1724,2024-01-05,4387
1725,2024-01-06,3897
1726,2024-01-07,8798
1727,2024-01-08,4513
1728,2024-01-09,8538
1729,2024-01-10,7105
1730,2024-01-11,8726
1731,2024-01-12,2594
1732,2024-01-13,1913
1733,2024-01-14,4010
1734,2024-01-15,6381
1735,2024-01-16,3698
1736,2024-01-17,7340
1737,2024-01-18,7248
1738,2024-01-19,3228
1739,2024-01-20,8873
1740,2024-01-21,1507
1741,2024-01-22,3485
1742,2024-01-23,5065
1743,2024-01-24,2486
1744,2024-01-25,7039
1745,2024-01-26,2217
1746,2024-01-27,5770
1747,2024-01-28,6577
1748,2024-01-29,9434
1749,2024-01-30,4113
1750,2024-01-31,4640
1751,2024-02-01,7020
1752,2024-02-02,5353
1753,2024-02-03,1852
1754,2024-02-04,9432
1755,2024-02-05,7571
1756,2024-02-06,8404
1757,2024-02-07,8377
1758,2024-02-08,7503
1759,2024-02-09,5399
1760,2024-02-10,3519
1761,2024-02-11,4301
1762,2024-02-12,3245
1763,2024-02-13,6872
1764,2024-02-14,7300
1765,2024-02-15,1788
1766,2024-02-16,5989
1767,2024-02-17,4686
1768,2024-02-18,3132
1769,2024-02-19,4196
1770,2024-02-20,8413
1771,2024-02-21,6840
1772,2024-02-22,6650
1773,2024-02-23,688
1774,2024-02-24,8892
1775,2024-02-25,2659
1776,2024-02-26,3792
1777,2024-02-27,4847
1778,2024-02-28,1885
1779,2024-02-29,1011
1780,2024-03-01,8476
1781,2024-03-02,7269
1782,2024-03-03,1989
1783,2024-03-04,6864
1784,2024-03-05,2389
1785,2024-03-06,5942
1786,2024-03-07,1392
1787,2024-03-08,1221
1788,2024-03-09,848
1789,2024-03-10,5861
1790,2024-03-11,5638
1791,2024-03-12,6435
1792,2024-03-13,3232
1793,2024-03-14,1351
1794,2024-03-15,6960
1795,2024-03-16,6254
1796,2024-03-17,2215
1797,2024-03-18,5080
1798,2024-03-19,1291
1799,2024-03-20,7888
1800,2024-03-21,1146
1801,2024-03-22,3026
1802,2024-03-23,2213
1803,2024-03-24,785
1804,2024-03-25,1808
1805,2024-03-26,3747
1806,2024-03-27,4625
1807,2024-03-28,2198
1808,2024-03-29,2835
1809,2024-03-30,2291
1810,2024-03-31,5585
1811,2024-04-01,5685
1812,2024-04-02,4967
1813,2024-04-03,7410
1814,2024-04-04,6210
1815,2024-04-05,5071
1816,2024-04-06,1294
1817,2024-04-07,3139
1818,2024-04-08,1571
1819,2024-04-09,8298
1820,2024-04-10,2918
1821,2024-04-11,4800
1822,2024-04-12,316
1823,2024-04-13,2057
1824,2024-04-14,649
1825,2024-04-15,5271
1826,2024-04-16,7030
1827,2024-04-17,7536
1828,2024-04-18,416
1829,2024-04-19,6984
1830,2024-04-20,8855
1831,2024-04-21,9949
1832,2024-04-22,7614
1833,2024-04-23,9315
1834,2024-04-24,6101
1835,2024-04-25,3385
1836,2024-04-26,6520
1837,2024-04-27,916
1838,2024-04-28,1742
1839,2024-04-29,3984
1840,2024-04-30,651
1841,2024-05-01,2521
1842,2024-05-02,3288
1843,2024-05-03,9706
1844,2024-05-04,8223
1845,2024-05-05,3764
1846,2024-05-06,339
1847,2024-05-07,6939
1848,2024-05-08,7315
1849,2024-05-09,9748
1850,2024-05-10,2963
1851,2024-05-11,7816
1852,2024-05-12,3130
1853,2024-05-13,5797
1854,2024-05-14,817
1855,2024-05-15,6240
1856,2024-05-16,4094
1857,2024-05-17,622
1858,2024-05-18,6801
1859,2024-05-19,332
1860,2024-05-20,4538
1861,2024-05-21,9289
1862,2024-05-22,1831
1863,2024-05-23,3227
1864,2024-05-24,9447
1865,2024-05-25,9175
1866,2024-05-26,9766
1867,2024-05-27,583
1868,2024-05-28,6261
1869,2024-05-29,745
1870,2024-05-30,1094
1871,2024-05-31,4588
1872,2024-06-01,4647
1873,2024-06-02,758
1874,2024-06-03,2959
1875,2024-06-04,2932
1876,2024-06-05,7914
1877,2024-06-06,9936
1878,2024-06-07,1517
1879,2024-06-08,7753
1880,2024-06-09,383
1881,2024-06-10,9447
1882,2024-06-11,4741
1883,2024-06-12,3033
1884,2024-06-13,4190
1885,2024-06-14,8994
1886,2024-06-15,4923
1887,2024-06-16,2372
1888,2024-06-17,5963
1889,2024-06-18,4234
1890,2024-06-19,6384
1891,2024-06-20,8998
1892,2024-06-21,8403
1893,2024-06-22,8554
1894,2024-06-23,2750
1895,2024-06-24,5573
1896,2024-06-25,1928
1897,2024-06-26,6322
1898,2024-06-27,8909
1899,2024-06-28,6351
1900,2024-06-29,9935
1901,2024-06-30,7472
1902,2024-07-01,2222
1903,2024-07-02,3867
1904,2024-07-03,2452
1905,2024-07-04,2137
1906,2024-07-05,895
1907,2024-07-06,2506
1908,2024-07-07,793
1909,2024-07-08,9366
1910,2024-07-09,4137
1911,2024-07-10,5238
1912,2024-07-11,3145
1913,2024-07-12,2662
1914,2024-07-13,2227
1915,2024-07-14,2635
1916,2024-07-15,9501
1917,2024-07-16,6665
1918,2024-07-17,917
1919,2024-07-18,1013
1920,2024-07-19,5659
1921,2024-07-20,6439
1922,2024-07-21,2123
1923,2024-07-22,3850
1924,2024-07-23,688
1925,2024-07-24,2233
1926,2024-07-25,379
1927,2024-07-26,7776
1928,2024-07-27,295
1929,2024-07-28,6360
1930,2024-07-29,1559
1931,2024-07-30,6105
1932,2024-07-31,9792
1933,2024-08-01,4887
1934,2024-08-02,2553
1935,2024-08-03,6030
1936,2024-08-04,7944
1937,2024-08-05,8491
1938,2024-08-06,923
1939,2024-08-07,6356
1940,2024-08-08,5121
1941,2024-08-09,6689
1942,2024-08-10,5939
1943,2024-08-11,3625
1944,2024-08-12,3154
1945,2024-08-13,2909
1946,2024-08-14,8025
1947,2024-08-15,1659
1948,2024-08-16,8008
1949,2024-08-17,738
1950,2024-08-18,2663
1951,2024-08-19,5600
1952,2024-08-20,167
1953,2024-08-21,3106
1954,2024-08-22,8732
1955,2024-08-23,2403
1956,2024-08-24,7054
1957,2024-08-25,2478
1958,2024-08-26,4381
1959,2024-08-27,6147
1960,2024-08-28,1925
1961,2024-08-29,104
1962,2024-08-30,522
1963,2024-08-31,7011
1964,2024-09-01,5521
1965,2024-09-02,6367
1966,2024-09-03,322
1967,2024-09-04,5942
1968,2024-09-05,4598
1969,2024-09-06,622
1970,2024-09-07,3850
1971,2024-09-08,3220
1972,2024-09-09,7722
1973,2024-09-10,7045
1974,2024-09-11,1198
1975,2024-09-12,8994
1976,2024-09-13,7018
1977,2024-09-14,6959
1978,2024-09-15,1529
1979,2024-09-16,6950
1980,2024-09-17,877
1981,2024-09-18,7762
1982,2024-09-19,1650
1983,2024-09-20,4587
1984,2024-09-21,9421
1985,2024-09-22,2072
1986,2024-09-23,1601
1987,2024-09-24,5783
1988,2024-09-25,320
1989,2024-09-26,3927
1990,2024-09-27,7902
1991,2024-09-28,5352
1992,2024-09-29,5005
1993,2024-09-30,6473
1994,2024-10-01,4637
1995,2024-10-02,2740
1996,2024-10-03,9298
1997,2024-10-04,4022
1998,2024-10-05,4948
1999,2024-10-06,8028
2000,2024-10-07,7055
2001,2024-10-08,465
2002,2024-10-09,4079
2003,2024-10-10,3849
2004,2024-10-11,8826
2005,2024-10-12,4675
2006,2024-10-13,3111
2007,2024-10-14,3292
2008,2024-10-15,5245
2009,2024-10-16,7129
2010,2024-10-17,5999
2011,2024-10-18,5716
2012,2024-10-19,3824
2013,2024-10-20,4585
2014,2024-10-21,7586
2015,2024-10-22,7601
2016,2024-10-23,9407
2017,2024-10-24,4076
2018,2024-10-25,8296
2019,2024-10-26,119
2020,2024-10-27,4591
2021,2024-10-28,5651
2022,2024-10-29,5069
2023,2024-10-30,4691
2024,2024-10-31,5092
2025,2024-11-01,2868
2026,2024-11-02,3212
2027,2024-11-03,7058
2028,2024-11-04,4814
2029,2024-11-05,9288
2030,2024-11-06,7524
2031,2024-11-07,3019
2032,2024-11-08,1126
2033,2024-11-09,5144
2034,2024-11-10,9033
2035,2024-11-11,8428
2036,2024-11-12,6986
2037,2024-11-13,3466
2038,2024-11-14,1741
2039,2024-11-15,3657
2040,2024-11-16,1273
2041,2024-11-17,1810
2042,2024-11-18,6333
2043,2024-11-19,3205
2044,2024-11-20,1515
2045,2024-11-21,7560
2046,2024-11-22,9404
2047,2024-11-23,2120
2048,2024-11-24,8104
2049,2024-11-25,8866
2050,2024-11-26,8287
2051,2024-11-27,2243
2052,2024-11-28,4508
2053,2024-11-29,8598
2054,2024-11-30,5706
2055,2024-12-01,8918
2056,2024-12-02,5656
2057,2024-12-03,2370
2058,2024-12-04,797
2059,2024-12-05,3836
2060,2024-12-06,9305
2061,2024-12-07,7847
2062,2024-12-08,1636
2063,2024-12-09,4645
2064,2024-12-10,5495
2065,2024-12-11,5130
2066,2024-12-12,6352
2067,2024-12-13,134
2068,2024-12-14,5483
2069,2024-12-15,6256
2070,2024-12-16,7823
2071,2024-12-17,1219
2072,2024-12-18,8505
2073,2024-12-19,7823
2074,2024-12-20,9667
2075,2024-12-21,4457
2076,2024-12-22,4583
2077,2024-12-23,9976
2078,2024-12-24,2907
2079,2024-12-25,1180
2080,2024-12-26,1404
2081,2024-12-27,4932
2082,2024-12-28,3562
2083,2024-12-29,1016
2084,2024-12-30,1098
2085,2024-12-31,2587
